Titre,Artistes
WHERE IS MY HUSBAND! - Remix,"RAYE, David Guetta, Hypaton"
heureux,Heroe
Bloom Again,Nu Aspect
Numb,Elderbrook
"Love Like a Sunset, Pt. I",Phoenix
Options,"Sonny Wern, HUTS"
Ready or Not Here I Come (Can't Hide from Love),The Delfonics
Breathe,"Seeb, Neev"
My Kingdom - William Black Remix,"Evangeline, William Black"
War,Edwin Starr
Souvenirs,van
Amnésie,Nhyx
feelings don't lie,"Ofenbach, salem ilese"
Release Yourself,"HUTS, Ryan Spicer"
Las vegas,Jok'air
Time for Disco,Concrete Knives
All My Life,"Purple Disco Machine, The Magician"
Echoes,"Sonny Wern, R2"
(Hope I Don't) Fall,"HUTS, Teddy Bee"
Lose My Mind (feat. Doja Cat),"Don Toliver, Doja Cat"
Giving It All,"HUTS, Ripstar"
Rock That Body,Black Eyed Peas
Run,OneRepublic
Run (feat. Ragdoll),"Henri PFR, Ragdoll"
Euphoria,Loreen
Une jolie fille,TheFrenchKris
Summer Sun,.zip
Sacred Feathers,"Parra for Cuva, Senoy"
Photomaton,"Jabberwocky, Elodie Wildstars"
F.A.C.E,Guilt
Sur la lune,Bigflo & Oli
La Fin Du Monde,Sam Sauvage
Metro-North,Schur
Parachute,Paul Kalkbrenner
Glorious Morning,Waterflame
God Moving Over the Face of the Waters,Moby
Woodland,Laurel Violet
Cooler Than Me - Single Mix,"Mike Posner, Gigamesh"
Moon (And It Went Like),"Kid Francescoli, Julia Minkin"
Que tout s'danse,Noé Preszow
Caravane,Raphaël
Transatlantique,Therapie TAXI
Meet Me Halfway,Black Eyed Peas
Aloha,"Møme, Merryn Jeann"
Sonnentanz - Sun Don't Shine,"Klangkarussell, Will Heard"
Blind (feat. Emmi) - Radio Edit,"Feder, Emmi"
Oysters In My Pocket,Royel Otis
Breath of Roma,Meryem Aboulouafa
Sirens Call,Cats On Trees
Write a Song,Colt
Si seulement,2TH
Hometown (intro),French 79
MEMORY,"Alex LeMirage, Fi Sullivan"
Magic Moments,Perry Como
Reckless - Gareth Emery & Luke Bond Remix,"Gareth Emery, Wayward Daughter, Luke Bond"
This is What Winter Feels Like - Instrumental Version,Marce Music
Sweet Disposition,Feeling Blew
Sunflower - Spider-Man: Into the Spider-Verse,"Post Malone, Swae Lee"
ghost (feat. HUMAN),"Aaron Hibell, HUMAN"
Bourgeoisieses,Conan Gray
You Were Bigger Than Life,Shook
Monsters,Laurent Iacomucci
Born With a Broken Heart,Damiano David
Pathos,Ludovico Einaudi
Disco Nap,"Polo & Pan, Metronomy"
Le trésor,Jérôme Rebotier
Higher,Victor Le Masne
Sleepless,"AVAION, PaulWetz, Nu Aspect, YUMA"
Heartbeat,Childish Gambino
The Sweet Escape,"Gwen Stefani, Akon"
Hoe Down,"Joey Myron, Lucky Dog"
Drowning Love // Kou wo OiKakete - Chasing Kou (Piano Cover),emptiness
Leave A Little Love,"Alesso, Armin van Buuren"
Odyssée,Leonem
You & Me - Flume Remix,"Disclosure, Eliza Doolittle, Flume"
Heroes (we could be),"Alesso, Tove Lo"
Heroes,Gang of Youths
Running With The Wolves,AURORA
Hey Now - feat. KYLE,"Martin Solveig, The Cataracs, KYLE"
Wire & Flashing Lights,Professor Kliq
Punching In A Dream,The Naked And Famous
The Birth and Death of the Day,Explosions In The Sky
Midnight City,M83
Friday Night‬‬‬,Vigiland
Freefall,Zak Rush
For A Better Day,Avicii
Can't Stop Me Now,Oh The Larceny
Distance,"Apashe, Geoffroy"
Where Them Girls At (feat. Nicki Minaj & Flo Rida),"David Guetta, Flo Rida, Nicki Minaj"
On a Friday Night,Phake
Struck Gold,Plastic Harpoons
Good Morning,Kanye West
Africa,TOTO
Ouverture,Leblanc
Angels,Robbie Williams
Help Me Lose My Mind,Gravagerz
Easy Love,Sigala
Last Song (feat. Faouzia),"Alan Walker, Faouzia"
Avalon,"Alan Walker, Anne Gudrun"
Creator Circle,Alan Walker
Beautiful Lies - Sped Up,Alex Robbins
Icarus,ASTOR
Fall Apart,Dayne S
Na Mara,Steven Gutheinz
Sadnecessary,Milky Chance
Albert rejoint Haydée,Jérôme Rebotier
Endless Hills,Slumbernaut
Capital,M'Dezoen
"Serenade for Strings in E Major, Op. 22, B. 52: II. Tempo di valse","Antonín Dvořák, Prague Chamber Orchestra, Petr Skvor"
Another Run Around the Sun,Slumbernaut
Prologue,John Williams
Good Lie,"Sonny Wern, Felix Samuel"
"Dear Maria, Count Me In",All Time Low
Time To Say Goodbye,"Andrea Bocelli, Sarah Brightman"
Wurli,AUST
Monster,"Don Diablo, Felix Jaehn"
I'll Fly With You (L'Amour Toujours),"Jovani, Chris Crone"
Cynical,"twocolors, Safri Duo, Chris de Sarandy"
Roi,"Videoclub, Adèle Castillon, Mattyeux"
Adulto funcional,Carrera Blanca
Christmas Treat,Julian Casablancas
Le Même Que Moi,"Gary Fico, Leo Rispal"
Idea 1,Gibran Alcocer
Fine Line Instrumental - Sped Up,Kapa Boy
World Gone Wild (feat. Sam Martin),"Robin Schulz, CYRIL, Sam Martin"
Secrets,OneRepublic
Overdrive (Alive),"HUTS, Lyente, Danimal, Blair"
The Reason,Hoobastank
Love The Way You Lie (feat. Norma Jean Martine),"Jax Jones, Azteck, Norma Jean Martine"
That’s So True,Gracie Abrams
Never Going Home Tonight (feat. Madison Love),"David Guetta, Alesso, Madison Love"
Don't Matter,Derik Fein
Melody,"Lost Frequencies, James Blunt"
that’s so true - sped up,bbygirl
Tongue Tied,GROUPLOVE
Coffee,Sylvan Esso
Crystal Dreams,Lowx
Recommence-moi,SANTA
First,Cold War Kids
Solo,Future
Draft Punk Beat,Celestial Harmonies Tracks
Samothrace,Michael Canitrot
Wouldn't It Be Nice,The Beach Boys
Everywhere - 2017 Remaster,Fleetwood Mac
"Mrs. Robinson - From ""The Graduate"" Soundtrack",Simon & Garfunkel
Hallelujah,Pentatonix
Shield,"WEARETHEGOOD, Lynnea"
When I Go,Keaton Simons
Black Hole,Stephen Keech
Quand je marche,Ben Mazué
Don't Worry (with Ray Dalton) - Radio Edit,"Madcon, Ray Dalton"
Million Voices,Otto Knows
Hostile,JAEL.
Cold Blood,Dave Not Dave
"Freedom (From ""Django Unchained"")",The Soundtrack Studio Stars
overwhelmed - Chri$tian Gate$ remix,"Royal & the Serpent, Chri$tian Gate$"
Sailor Song,Gigi Perez
did i tell u that i miss u,adore
Ma Meilleure Ennemie (from the series Arcane League of Legends),"Stromae, Pomme, Arcane"
Ho Hey,The Lumineers
Stressed Out,Twenty One Pilots
Let's go skiing,BlueTaTo
How You Like Me Now? - Raffertie Remix,"The Heavy, Raffertie"
Le stade,Fredz
Ticking,TIN
The Seed,AURORA
Notes pour trop tard (feat. Ibeyi),"Orelsan, Ibeyi"
so be it in my dreams,dad sports
CHÂTEAU FORT,Luther
Breathe,Olly Alexander (Years & Years)
Dangerous Game,"Stellar, Camylio"
Nice To Meet You,Myles Smith
Snowman,Sia
Stay,"Rihanna, Mikky Ekko"
Feel It Still,Portugal. The Man
Jerk It Out,Caesars
These Walls (feat. Pierre de Maere),"Dua Lipa, Pierre de Maere"
Change the Game,"SOURWAH, Maya Miko"
All Of The Lights,Kanye West
worst case scenario,jayo
Pursuit Of Happiness - Extended Steve Aoki Remix,"Kid Cudi, MGMT, Ratatat, Steve Aoki"
Renegades,X Ambassadors
Flight,Hans Zimmer
Experience,Ludovico Einaudi
Beautiful Day,U2
Kids,Kyle Dixon & Michael Stein
Head Over Heels,Cousin Simple
Lilith,"Naeleck, BIGMOO, Paul Keen"
Seek Bromance (Avicii Vocal Edit),Tim Berg
Carry You Home (feat. StarGate & Aloe Blacc),"Tiësto, Stargate, Aloe Blacc"
Mood,"GYMBRO, Jost, Philip Strand"
Bad (feat. Vassy) - Radio Edit,"David Guetta, Showtek, VASSY"
Boyz In Paris (with VINAI),"Marnik, Naeleck, VINAI"
Love Generation - Edit,"Bob Sinclar, Gary Pine"
We're Finally Landing,Home
Venus,Mackenzy Mackay
Signatune - Thomas Bangalter Short Edit,"DJ Mehdi, Thomas Bangalter"
Elegant Murder,VideoHelper
Best of Me - Radio Edit,"ARTBAT, Sailor & I"
dusk till dawn,Camylio
Grain de sel,Apez
The Less I Know The Better,Tame Impala
Electric Love,BØRNS
Things Are Brewing,isaintjames
Beg for You (feat. Rina Sawayama),"Charli xcx, Rina Sawayama"
Random - Night Version,AUST
Stolen Dance,Milky Chance
Dreaming,Smallpools
Canon In D - Jatimatic Remix,"Stacey Lee May, Jatimatic"
Around The World,"Niklas Dee, René Miller"
In My Bones,"Lost Frequencies, David Kushner"
The Synth Wars,Bendrr
Without You (feat. Usher),"David Guetta, USHER"
If the World is Ending,BEGINNERS
Save The World,Swedish House Mafia
Feel Good Inc.,"Gorillaz, De La Soul"
Rags 2 Riches (feat. That Mexican OT),"Angel Serna, That Mexican OT"
"Welcome Home, Son",Radical Face
Elle ne t'aime pas,"La Femme, Marlon Magnée, Saxa Goth"
Riptide,Vance Joy
Le chant des cygnes,Indochine
Hey Brother,Avicii
Forever,"Martin Garrix, Matisse & Sadko"
Dynamite,Taio Cruz
Lost Memory,"VØJ, Narvent"
Nowhere,"Zak Downtown, Riccardo Marchi"
Alone,Marshmello
Sanna sur la croix,Indochine
Enjoy the Silence,Depeche Mode
The Beach (Instrumental),mxpheebz
Somebody That I Used To Know,"Gotye, Kimbra"
Faut pas pleurer comme ça,Daniel Guichard
The Boogie,Outasight
BABY I'M BACK,The Kid LAROI
A Bar Song (Tipsy),Shaboozey
I Wanna Be Like You - The Monkey Song,Sid Bader
Wherever I Go,OneRepublic
One More Hour,Tame Impala
Song to the Siren,Amen Dunes
Another You,"Armin van Buuren, Mr. Probz"
JUMP OUT,"pluko, Daniel Allan"
Chihiro,Gravagerz
Living (feat. Alex Clare),"Bakermat, Alex Clare"
How Do You Do - Nightcore Edit,"Boom, Nightcore"
Human,Rag'n'Bone Man
Following the Sun,"SUPER-Hi, NEEKA"
The Show Must Go On,Queen
SUMMERTIME SADNESS - HARDSTYLE,SICK LEGEND
FUNK UNIVERSO,Irokz
Run Boy Run - Instrumental,Woodkid
UNE HISTOIRE ÉTRANGE,Laylow
"My Time, Pt. 2",Alex Jones
Before Elysian,"Mark Petrie, Andrew Prahlow"
Claim Your Destiny,"MiM, Inoxtag"
D.A.N.C.E.,Justice
Le chasseur (Les oies sauvages),Michel Delpech
Space,Music Unlimited
"Turandot, Act III: Nessun dorma!","Giacomo Puccini, Luciano Pavarotti, John Alldis Choir, Wandsworth School Boys Choir, London Philharmonic Orchestra, Zubin Mehta"
Why Why Why,"Dynoro, HVME, Gaudini"
Rain - Version for Piano Trio,"Ryuichi Sakamoto, Jaques Morelenbaum, David Nadien"
Rise,"Jonas Blue, Jack & Jack"
Mamma Mia (feat. Mentissa) - Techno Mix,"BENNETT, Mentissa"
Memories (feat. Kid Cudi),"David Guetta, Kid Cudi"
La Cintura,Alvaro Soler
El Mismo Sol,Alvaro Soler
Sofia,Alvaro Soler
Dramamine,Flawed Mangoes
DEHØRS,Bekar
Headlights (feat. KIDDO),"Alok, Alan Walker, KIDDO"
You,Petit Biscuit
Floating Through Space,"Sia, David Guetta"
"L'estasi dell'oro - Dal film ''Il buono, il brutto, il cattivo''","Orchestra di Bruno Nicolai, Orchestra di Ennio Morricone"
My Home,Louis Island
The Forest,"Petit Biscuit, Amixem"
I Leave Again,"Petit Biscuit, Shallou"
Jubel,Klingande
The Look,Metronomy
Reuf - Version Five,Nekfeu
With Or Without You,U2
1901,Phoenix
Lisztomania,Phoenix
Trop beau,"Crisologo, Emma Peters"
Mille Ponts,Valmont
seaside_demo,SEB
Hit Sale,"Therapie TAXI, Roméo Elvis"
My Home,Myles Smith
Overwhelmed (Ryan Mack Remix),Ryan Mack
Starman - 2012 Remaster,David Bowie
Black Friday (pretty like the sun),"Lost Frequencies, Tom Odell"
I Wanna Go Out,American Authors
The Force Theme x Main Theme - Cover,Samuel Kim
Johnny And Mary,Robert Palmer
Come 2gether,Ooyy
Bills,LunchMoney Lewis
Est-ce que tu m'aimes ? - Pilule bleue,GIMS
If I Lose Myself - Alesso vs OneRepublic,"OneRepublic, Alesso"
Under Control (feat. Hurts),"Calvin Harris, Alesso, Hurts"
Addicted To You,Avicii
Beautiful Days,"The Pitcher, Sam Lemay"
Wonderful Days,"Ummet Ozcan, Charly Lownoise & Mental Theo, Orange INC"
Drag Me Down,One Direction
Lose Control,Teddy Swims
Classic,MKTO
Folie arcadienne,Arcadian
Lemon Tree,Fools Garden
Le trésor (Reprise) - Adieux à Eugénie,Jérôme Rebotier
One By One (feat. Oaks),"Robin Schulz, Topic, Oaks"
Thinking About You,GRAHAM
Outro (for a friend),No Koriander
Stupeflip vite !!!,"Stupeflip, Cadillac"
I Ain't Worried,OneRepublic
Sunroof,"Nicky Youre, hey daisy"
library,Yes Boone
Violin Sonata No13,Majes
World's Smallest Violin,AJR
Closer,"The Chainsmokers, Halsey"
"Me, Myself & I","G-Eazy, Bebe Rexha"
Be Mine,Ofenbach
Shut Up and Dance,WALK THE MOON
Magic,Olympic Ayres
As Time Flies - Special Version,Ty's Music
Jump,Van Halen
Unstoppable,The Score
Sirius,The Alan Parsons Project
NOT THAT I'M ANYWHERE,Cities Aviv
Paranoid - 2009 Remaster,Black Sabbath
Gilded Lily,Cults
Dès que j'te vois,Vanessa Paradis
God Moving over the Face of the Waters,Moby
Alive,"HUTS, Noxxia"
Believe,Cher
Hard Times,Paramore
Running Away from Home,Smash Into Pieces
Héloïse,Sauvan
Just You and I,Tom Walker
River,Tom Gregory
life's been boring,ryman leon
Roadgame,Kavinsky
En l'an 2001,Pierre Bachelet
My Life Is a Party - Radio Edit,ItaloBrothers
J'ai cherché,Amir
Murder On The Dancefloor - David Guetta Remix,"Sophie Ellis-Bextor, David Guetta"
Lean On (feat. MØ & DJ Snake),"Major Lazer, MØ, DJ Snake"
Carry You Home,Alex Warren
Firework,Katy Perry
Shine,Spektrem
Grey Lynn Park,The Veils
No Sleep (feat. Bonn),"Martin Garrix, Bonn"
Postcards,James Blunt
Lullaby,"Sigala, Paloma Faith"
Melody,"Lost Frequencies, James Blunt"
Dolce Camara - Snight B Remix,"Booba, Snight B, SDM"
What You Know,Two Door Cinema Club
Happy Now,"Kygo, Sandro Cavazza"
Meet you at the Graveyard,Cleffy
Canary Islands,Goth Babe
Hot Air Balloon,"Don Diablo, AR/CO"
Kings & Queens (feat. Shibui),"Boris Way, Shibui"
High,Stephen Sanchez
River,Myles Smith
Stargazing,Myles Smith
Life Is Good,The Hunts
Starlight (Keep Me Afloat),"Martin Garrix, DubVision, Shaun Farrugia"
Set Fire to the Rain,Adele
Somewhere Only We Know,Keane
Solo,Myles Smith
Judas Effect,Vestron Vulture
Scared to Be Lonely,"Martin Garrix, Dua Lipa"
Hell.o,LENNY
On a pris le temps,"Grand Corps Malade, Ben Mazué, Gaël Faye"
Pop Corn,Boostee
Just Like This,"Henry Parsley, Sid Narbom"
Keep It Up,Good Neighbours
Clocks,Coldplay
On & On,"Cartoon, Jéja, Daniel Levi"
Hold the Line,TOTO
"Fire On Fire - From ""Watership Down""",Sam Smith
Love Me Again,John Newman
Fingertips,Tom Gregory
Fire - Official UEFA EURO 2024 Song,"MEDUZA, OneRepublic, Leony"
Mon Amour - Remix,"zzoilo, Aitana"
Don't Stop Believin',Journey
L'adresse,47ter
Bad Dream,Stellar
Taswell,C418
"Night Fever - From ""Saturday Night Fever"" Soundtrack",Bee Gees
"Footloose - From ""Footloose"" Soundtrack",Kenny Loggins
Mamma Mia - From 'Mamma Mia!' Original Motion Picture Soundtrack,Meryl Streep
Always on the run,ISAAK
Titanium (feat. Sia),"David Guetta, Sia"
American Pie,Don McLean
Turn It Up,Oh The Larceny
Best Day of My Life - Sped up Mix,Willson Witt
Written in the Stars (feat. Eric Turner),"Tinie Tempah, Eric Turner"
3 Nights,Dominic Fike
We Cut the Night,AaRON
Maryland,Elephanz
Locked out of Heaven,Bruno Mars
Sometimes I'm Looking For Trouble,Mellie Meteors
Paris,The Chainsmokers
Too Sweet,Hozier
Live It Up,YONAS
Highway to Hell,AC/DC
One Day (Vandaag) - Radio Edit,Bakermat
Klanga - De Hofnar Remix,"Gostan, De Hofnar"
Lullaby,BENNETT
Operation Blade,"塞壬唱片-MSR, 陳雪燃, Obadiah Brown-Beach"
Little Bit of Love,Tom Grennan
"Hey, Soul Sister",Train
Never Enough,Loren Allred
Team,Lorde
Levels - Radio Edit,Avicii
Iris,The Goo Goo Dolls
Gold (feat. BANDANA),"Boris Way, BANDANA"
Don't You Cry,"Sunday Scaries, Discrete"
Apocalypse,Cigarettes After Sex
The Hidden River of My Life,Sufjan Stevens
In Your Eyes (feat. Alida),"Robin Schulz, Alida"
One More Time (feat. Alida),"Robin Schulz, Felix Jaehn, Alida"
OK,"Robin Schulz, James Blunt"
"Quevedo: Bzrp Music Sessions, Vol. 52/66","Bizarrap, Quevedo"
All Stars,"Martin Solveig, ALMA"
Underwater,"LYOD, Celi"
Solo Dance,Martin Jensen
Stargazing,"Kygo, Justin Jesso"
Firestone,"Kygo, Conrad Sewell"
Ashes,Stellar
Close Your Eyes,"Felix Jaehn, VIZE, Miss Li"
Young Right Now,"Robin Schulz, Dennis Lloyd"
118,Ève
Mr. Feel,John Michael Howell
Sky High,Elektronomia
It Ain't Me (with Selena Gomez),"Kygo, Selena Gomez"
Maps,Maroon 5
Ces soirées-là,Les tubes du nouvel an
Five More Hours,"Deorro, Chris Brown"
Can't Hold Us (feat. Ray Dalton),"Macklemore, Ryan Lewis, Macklemore & Ryan Lewis, Ray Dalton"
99 Luftballons,Nena
We Are Young (feat. Janelle Monáe),"fun., Janelle Monáe"
Love In The Dark,Adele
Let Me Love You,"DJ Snake, Justin Bieber"
End of Beginning,Djo
Somethin' Here - Original Mix,Terrence Parker
I Could Be The One (Avicii Vs. Nicky Romero) - Radio Edit,"Avicii, Nicky Romero"
Evergreen,Richy Mitch & The Coal Miners
Video Killed The Radio Star,The Buggles
Je danse,QQUN
Réveille-moi,Edgär
Galileo Galilei,Aden Foyer
Stand By Me,Ben E. King
Hold Me - Sped Up,Lavern
Take Me To Church,Hozier
Drive By,Train
Roots,Imagine Dragons
Head First,Home
Beautiful,"Kygo, Sandro Cavazza"
Autumn Wind,DVRST
Say My Name,"ODESZA, Zyra"
All My Life,ODESZA
Melody,Sigala
Numb,Linkin Park
sail away,lovelytheband
Cola - Sped Up Version,sped up nightcore
Home,Good Neighbours
Cold,Courten
L'Amérique pleure,Les Cowboys Fringants
Idea 22,Gibran Alcocer
We Found Love,"Rihanna, Calvin Harris"
Valzer d'Inverno,Andrea Vanzo
Heads Will Roll - A-Trak Remix,"Yeah Yeah Yeahs, A-Trak"
Stars de la pub,Movie Music
The Sound of Silence - CYRIL Remix,"Disturbed, CYRIL"
Go Solo (feat. Tom Rosenthal),"Zwette, Tom Rosenthal"
Hot N Cold,Katy Perry
I <3 U SO,Cassius
The Night We Met,Lord Huron
Latch - Jamie Jones Remix,"Disclosure, Sam Smith, Jamie Jones"
"Klendathu Drop (From ""Starship Troopers"") - Orchestral Cover",Kosta Ost
Time to Pretend,MGMT
Dawns - Sped Up,"Fasto, Speed Up Unlimited"
Good To Be,Mark Ambor
Memories (feat. Kid Cudi),"David Guetta, Kid Cudi"
Pure Imagination,"Superhuman, Quigley"
Maneater,Daryl Hall & John Oates
Falling,Flowindz
Roses (feat. ROZES) - Zaxx Remix,"The Chainsmokers, ROZES, Zaxx"
Whatever,"Kygo, Ava Max"
Trendsetter,"Connor Price, Haviah Mighty"
Party In The U.S.A.,Miley Cyrus
Epic,Scottish Fish
Viva La Vida,Coldplay
Don't You Worry Child - Radio Edit,"Swedish House Mafia, John Martin"
Paradise,Coldplay
A Sky Full of Stars,Coldplay
Summer,Calvin Harris
Le bilan,Nèg' Marrons
"Industrial Revolution, Pt. 2",Jean-Michel Jarre
TiK ToK,Kesha
How 2 Love,"DFR XL, Josh Oliver"
What Makes You Beautiful (Sped Up) - Baby You Light up My World,MADAX
Wonderful Life,Two Door Cinema Club
Past Lives,"Martin Arteta, creamy"
Moog City 2,C418
Équinoxe,C418
Dive Into The Night (Electrify Your Dreams),Ferris Wheels
Kids,MGMT
Boys Don't Cry,The Cure
Giant (with Rag'n'Bone Man),"Calvin Harris, Rag'n'Bone Man"
twilight zone,Aaron Hibell
Born,Flowindz
TROJAN HORSE,SEBASTIAN PAUL
Can't Hold Us (feat. Ray Dalton),"Macklemore, Ryan Lewis, Macklemore & Ryan Lewis, Ray Dalton"
Rolling in the Deep,Adele
My Type,Saint Motel
Beautiful Things,Benson Boone
Your Love,The Outfield
Shots - Broiler Remix,"Imagine Dragons, Broiler"
Run,OneRepublic
On se connaît,"Youssoupha, Noémie"
Riptide,Vance Joy
Light Fate,"Mauro Bentancourt, Cythrux Beat Makers"
Echo Sax,Caleb Arredondo
Summer Is a Curse,The Faim
Yellow,Coldplay
Where The Streets Have No Name - Remastered,U2
Patrick Wattson Ja Te Laisserai des mots techno,thsxgd
Above The Euromechopolis,OGRE Sound
Sweet Child O' Mine,Guns N' Roses
Animals,Martin Garrix
DISCOVERY,Tony Ann
Happiness Does Not Wait,Ólafur Arnalds
Inachevés,Casseurs Flowters
Human,The Killers
Forever (Stay Like This),"Armin van Buuren, Goodboys"
Say Say Say (feat. Paul McCartney & Michael Jackson),"Kygo, Paul McCartney, Michael Jackson"
Taste (Speed),Ari Abdul
Afraid,The Neighbourhood
Burn,Ellie Goulding
People You Know (sped up to perfection) - TikTok Remix,"TommyMuzzic, ZeddMusique"
Kaleidoscope,A Great Big World
White Lies,"VIZE, Tokio Hotel"
Would I Lie to You - Radio Edit,"David Guetta, Cedric Gervais, Chris Willis"
The Son of Flynn,Daft Punk
Wildest Dreams,Taylor Swift
La fontaine,Sauvan
The Monster,"Eminem, Rihanna"
After Hours - Instrumental,i-genius
Knock Knock,Mac Miller
It's Going Down,"Nic D, Connor Price"
Le monde se réveille,2Méga
Resonance,Home
J'aime les moches,Max Boublil
Open Season - Une Autre Saison,Josef Salvat
Dark Horse,"Katy Perry, Juicy J"
Spring 1 - 2012,"Max Richter, Daniel Hope, Konzerthaus Kammerorchester Berlin, Andre de Ridder"
Adiemus,"Karl Jenkins, Mike Ratledge, Jody K. Jenkins, Adiemus, London Philharmonic Orchestra, Mary Carewe"
I Love It (feat. Charli XCX),"Icona Pop, Charli xcx"
People Help the People,Birdy
Ascend,Dezko
Control,Emmit Fenn
Idea 15 (Slowed + Reverb),Gibran Alcocer
9 bis 9 Sped Up - Shirli Version,"SIRA, Bausa, badchieff, Shirli"
Goth,Sidewalks and Skeletons
Glue,BICEP
All We Got (feat. KIDDO),"Robin Schulz, KIDDO"
Beyond the Fire,Don Diablo
06h16 - Des histoires à raconter,Casseurs Flowters
Two Weeks,Grizzly Bear
BABY SAID,Måneskin
Jimmy,"Cats On Trees, Calogero"
Shots,Imagine Dragons
Tourner la page,Zaho
Out of My League,Fitz and The Tantrums
Rendez-vous l'année prochaine,47ter
Meet you at the Graveyard,Cleffy
Viva la vida remix,Bentlee
I Always Fall - Sped Up,"Eli Wilson, Promoting Sounds"
Love Me Again (I told you once I can't do this again) - Slowed + Reverb,skyemane
The Untold II,"Secession Studios, Greg Dombrowski"
The Untold,Secession Studios
Boom Clap - Surkin Remix,"Charli xcx, Surkin"
Give It Up,KC & The Sunshine Band
Pompeii MMXXIII,"Bastille, Hans Zimmer"
Heavier,"ODESZA, Yellow House"
Sober,"G-Eazy, Charlie Puth"
Spectrum (Say My Name) - Calvin Harris Remix,"Florence + The Machine, Calvin Harris"
Father Stretch My Hands Pt. 1,Kanye West
Counting Stars,OneRepublic
Clouds,"BUNT., Nate Traveller"
Lost Horse,Asaf Avidan
Daydream,Gunter Kallmann Choir
Thelema,Øfdream
,
Be Together,BCBC
Forever Yours - Avicii Tribute,"Kygo, Avicii, Sandro Cavazza"
Kind Of Love,"Rat City, Isak Heim"
Kingdom Dance,Alan Menken
Alone - Sped up Remix,Alan Walker
Alone,Alan Walker
The Sun - Klingande Remix Radio Edit,"Parov Stelar, Graham Candy, Klingande"
Catch & Release - Deepend Remix,"Matt Simons, Deepend"
Castles,Freya Ridings
What Is A Life?,Youth Group
Forever Young,Youth Group
i'm anywhere,Sandro House Yakuza
Head Up,The Score
Total Eclipse of the Heart,Bonnie Tyler
This Is It,Oh The Larceny
Money,Oh The Larceny
Instant Crush (feat. Julian Casablancas),"Daft Punk, Julian Casablancas"
Thrift Shop - Speed,Ren
I Was Made For Lovin' You,KISS
how u make me feel,dj gummy bear
Stay (Sped Up) - Not Really Sure How to Feel About It,Hiko
Pompeii,Bastille
Little Talks,Of Monsters and Men
(I Just) Died In Your Arms,Cutting Crew
"Alone, Pt. II","Alan Walker, Ava Max"
Past Lives,BØRNS
Real Good Feeling,Oh The Larceny
Si No Estás,iñigo quintero
Opus,Eric Prydz
Call Your Name,"Alesso, John Newman"
The Club Will Get You,Diva Faune
Time for a Change,Elephanz
The Keys,Talisco
Everlong,Foo Fighters
Shine on My Way,"Diva Faune, Matoo Yega"
"Dance For Me (1, 2, 3)","Lyente, Quinten Circle, ZANA"
Un Jour Sans Fin,Fievel
Habits (Stay High),Tove Lo
Dancing in the Moonlight,Toploader
Can You Hear The Music - Epic Version,ONE PROJECT
Long Train Runnin',The Doobie Brothers
,
Everybody Wants To Rule The World,Tears For Fears
Symphony (feat. Zara Larsson),"Clean Bandit, Zara Larsson"
Gone Are The Days (feat. James Gillespie),"Kygo, James Gillespie"
Do It For Love,"LYOD, The Bayton Fields"
English Summer,Other Lives
Place Vendôme,Mathieu Lamboley
Insomnies,Colt
Beige,Yoke Lore
Ton combat,Arcadian
Love To Go,"Lost Frequencies, Zonderling, Kelvin Jones"
Get Lucky (feat. Pharrell Williams and Nile Rodgers),"Daft Punk, Pharrell Williams, Nile Rodgers"
Sunshine,Evil Ebenezer
Cosby Sweater,Marcapasos
All I Want,Kodaline
Jungle,Emma Louise
enjoy the silence - slowed + reverb,"slō, twilight, Tazzy"
Nevermind,Dennis Lloyd
"La leçon particulière - Bande originale du film ""La leçon particulière""","Francis Lai, Christian Gaubert"
Sparks,Coldplay
Sticky Finger,Ballpoint
Satellites,"GAMPER & DADONI, Joe Jury"
Pumped Up Kicks,"Madism, MKJ, Felix Samuel"
SOÑAR,EARGASM GOD
Les mots bleus,Johan Papaconstantino
Elle est d'ailleurs,Pierre Bachelet
Prada (feat. D-Block Europe) - Valexus Remix,"cassö, RAYE, Valexus, D-Block Europe"
"Detroit-Become Human Opening Credits Theme (From ""Detroit-Become Human"")",Geek Music
Jungle,"Alok, The Chainsmokers, Mae Stephens"
Can't Tell Me Nothing,Kanye West
Notion,The Rare Occasions
Monde,"Luidji, Ryan Koffi"
Run This Town,"JAY-Z, Rihanna, Kanye West"
Little Dark Age,MGMT
Butterfly,Crazy Town
Tongue,"Maribou State, Holly Walker"
It's Real,Real Estate
Prada,"cassö, RAYE, D-Block Europe"
Time - Alan Walker Remix,"Alan Walker, Hans Zimmer"
Children of the Sky (a Starfield song),Imagine Dragons
To You,Talisco
Enid & Rebecca,Les Gordon
Unravel,"Zorro, Ooyy"
Heroes Tonight,"Janji, Johnning"
Home,Edward Sharpe & The Magnetic Zeros
All Night,"The Vamps, Matoma"
Don't Start Now,Dua Lipa
Apocalypse 894,Stupeflip
Alive,Empire Of The Sun
Don't Start Now - Kungs Remix,"Dua Lipa, Kungs"
Premiere,Adrián Berenguer
Strangers,Kenya Grace
RIOT,"Öwnboss, Selva"
Dernière,Bigflo & Oli
In the Mood,Glenn Miller
On verra,Nekfeu
Dance For Me Wallis,Abel Korzeniowski
California Gurls,"Katy Perry, Snoop Dogg"
Coastline,Hollow Coves
Got My Mind Set On You - 2009 Remaster,George Harrison
Juste après,"Carole Fredericks, Jean-Jacques Goldman, Michael Jones"
Youngblood,5 Seconds of Summer
Pepas,Farruko
TRUSTFALL,P!nk
Esta Vida,"Marshmello, Farruko"
Move Your Feet,Junior Senior
Rock My Body,"R3HAB, INNA, Sash!"
Kiss Me,Dermot Kennedy
What's Up Danger (with Black Caviar),"Blackway, Black Caviar"
Mr. Blue Sky,Electric Light Orchestra
The Feeling,"Lost Frequencies, Bonn"
Dance All Over Me,George Ezra
Hold Back The River,James Bay
Always,"Gavin James, Philippine"
Where No One Goes,"Jon Thor Birgisson, John Powell, Jónsi"
Forestry,Day We Ran
Young And Beautiful,Lana Del Rey
Mr. Brightside,The Killers
Gatluak - Bakermat Remix,"Kronan, Nyaruach, Bakermat"
Can You Hear The Music,Ludwig Göransson
Cheerleader (Felix Jaehn Remix) - Radio Edit,"OMI, Felix Jaehn"
Beautiful Day (Thank You for Sunshine),"Prinz, Rushawn, Jermaine Edwards"
Raging (feat. Kodaline),"Kygo, Kodaline"
Agape,Nicholas Britell
The story,Booyd
Beautiful Now,"Zedd, Jon Bellion"
Stay Young,"Mike Perry, Tessa"
Battle With Cipher (A Gravity Falls Orchestration),Rush Garcia
"Gravity Falls Main Theme (From ""Gravity Falls"")",Geek Music
Malade,Roméo Elvis
Decrescendo,Lomepal
Surfin' U.S.A.,The Beach Boys
"The Nutcracker, Op. 71, TH 14: No. 13, Waltz of the Flowers","Pyotr Ilyich Tchaikovsky, Slovak Philharmonic, Michael Halasz"
No Good,KALEO
HELP,Isabel LaRosa
Insane,Forseco
S&M,Rihanna
Bonjour merci,Arcadian
Sunday Bloody Sunday,U2
Wake Up World,"UNSECRET, Ruelle"
This Is The Life,Amy Macdonald
Sunny,Boney M.
Shooting to the Stars,"Diva Faune, Clara Doxal"
On a mangé le soleil,Céphaz
À nous !,Trois Cafés Gourmands
Homeless,Marina Kaye
Hero,"Alan Walker, Sasha Alex Sloan"
Tattoo,Loreen
RUNAWAY,OneRepublic
Deg,Albert Tawil
Stand Up (From Harriet),Cynthia Erivo
"Yes Sir, I Can Boogie (Paul Keenan Remix)","GBX, Baccara"
Sara perche ti amo,Amore Mio
Makeba,Jain
WELCOME,"Witt Lowry, Dan Haynes"
Dona Nobis Pacem 2,Max Richter
level7 (demo),OSAKA
Thumbs,Sabrina Carpenter
Nightcall,Kavinsky
Sundance,Népal
Avec Toi,OBOY
Wasting My Young Years,London Grammar
The 2nd Law: Isolated System,Muse
Late Night,ODESZA
Chikita,Calle Elevada
Quantum,"Martin Garrix, Brooks"
this is what sadness feels like - shortened,JVKE
Rocketship,Llunr
Don't Wait for Us,BLOW
Instead of Myself,Sleeping At Last
Rather Be (feat. Jess Glynne),"Clean Bandit, Jess Glynne"
Hearing,Sleeping At Last
Dream,Imagine Dragons
Step Out - The Chainsmokers Remix,"José González, The Chainsmokers"
Imperial March x Carol of The Bells,Samuel Kim
Battle of the Heroes & Duel of the Fates,Samuel Kim
Gravity,a2zMP3
Les lacs du Connemara,Michel Sardou
Sun,Talisco
Hold On & Believe (feat. The Federal Empire),"Martin Garrix, The Federal Empire"
Animals,Maroon 5
It's Called: Freefall - Sped Up,noturgf
Little Lion Man,Mumford & Sons
Test Drive - From How To Train Your Dragon Music From The Motion Picture,John Powell
Eté 90,Therapie TAXI
Ani Kuni,Polo & Pan
The Perfect Girl - slowed + reverb,"slō, twilight, Tazzy"
Boogie Wonderland,"Earth, Wind & Fire (with The Emotions)"
"Concerto for Violin and Strings in G minor, Op. 8, No. 2, R.315 ""L'estate"": 3. Presto (Tempo impetuoso d'estate)","Antonio Vivaldi, John Holloway, Nigel North, Academy of Ancient Music, Christopher Hogwood"
Je vais bien,RIDSA
What If (I Told You I Like You),"Johnny Orlando, kenzie"
Submarine,"Seeb, BANNERS, SUPER-Hi"
Fades Away (feat. Noonie Bao),"Avicii, Noonie Bao"
Coco - Todiefor Remix,"Lorenzo, Todiefor"
Hundred Miles (sped up + reverb) - Remix,Xanemusic
On And On,The Score
On Our Way,The Royal Concept
I Bet My Life,Imagine Dragons
Bad Day,"Pulsedriver, Tim Savey"
"Everyday (feat. Rod Stewart, Miguel & Mark Ronson)","A$AP Rocky, Rod Stewart, Miguel, Mark Ronson"
Stranger Things,The Theme System
Fly,Ludovico Einaudi
Blame (feat. John Newman),"Calvin Harris, John Newman"
Summer Nights - From “Grease”,"John Travolta, Olivia Newton-John"
Summer Days (feat. Macklemore & Patrick Stump of Fall Out Boy),"Martin Garrix, Macklemore, Fall Out Boy"
Stay In Bed,good problem
Shine A Light,BANNERS
Dragostea Din Tei (W&W Remix),"O-Zone, W&W"
Time of Our Lives,Chawki
All My Love,Thehiz
When The Beat Drops Out,Marlon Roudette
Something New,"Axwell /\ Ingrosso, Axwell, Sebastian Ingrosso"
10:35,"Tiësto, Tate McRae"
Saturday Night (Feel The Groove),"Brando, Ninetails"
Little Hollywood,"Alle Farben, Janieck"
A-Punk,Vampire Weekend
15h02 - Regarde comme il fait beau (dehors),Casseurs Flowters
Ne fuis pas,2TH
Demain - Bigflo & Oli X Petit Biscuit,"Bigflo & Oli, Petit Biscuit"
La pluie (feat. Stromae),"Orelsan, Stromae"
Walking The Wire,Imagine Dragons
Intro,The xx
Teenage Dream,Stephen Dawes
Detroit Become Human Hopeful,Keyson
We Have It All,Pim Stones
crutches,Daniel Leggs
take a moment to breathe.,normal the kid
H i j o D e L a L u n a (Orchestra),ExtraaaVibe
Castle on the Hill,Ed Sheeran
Come A Little Closer,Cage The Elephant
Shining Horizon,"Anne Sophie Versnaeyen, Gabriel Saban, Philippe Briand"
Rainy Dreams,"Anne Sophie Versnaeyen, Gabriel Saban"
Love Stream,Brice Davoli
Snow,Fabrizio Paterlini
Autumn Romance,"Anne Sophie Versnaeyen, Gabriel Saban"
The Power of Mind,"Anne Sophie Versnaeyen, Gabriel Saban, Philippe Briand"
Timelapse,Adrián Berenguer
Cornfield Chase,Hans Zimmer
Things From The Past,Evgeny Grinko
Ethan's Waltz,Abel Korzeniowski
"Comptine d'un autre été, l'après-midi",Yann Tiersen
L'étudiante et Monsieur Henri : ouverture,Laurent Aknin
Moral of the Story,Ashe
Fourth of July,Sufjan Stevens
Pray,Jessie Murph
It'll Be Okay,Shawn Mendes
Viva La Vida (Sped Up),Way 2 Fast
Answers,The Franklin Electric
Come Around,"CARSTN, H. Kenneth"
I Can't Love,"Mike Perry, Barefoot"
The Ballet Girl,Aden Foyer
